phone_number;org_id
760-377-8651;1101
765-342-5297;1101
598-127-5169;1102
749-710-5571;1102
855-169-1421;1102
587-836-4467;1103
762-903-2907;1103
846-531-6309;1104
830-273-5635;1104
884-458-6909;1105
213-752-6794;1105
394-327-6975;1106
811-827-0566;1106
876-600-1079;1106
944-250-6216;1107
839-717-1380;1107
878-956-6641;1107
508-748-8464;1107
389-630-3937;1108
550-197-1701;1108
828-468-8267;1108
264-685-3002;1109
138-372-6705;1109
928-690-9111;1110
326-541-8376;1110
998-370-6091;1111
736-810-4835;1111
602-811-6479;1111
737-210-0926;1112
398-569-7316;1112
864-674-5324;1112
994-344-5179;1113
269-720-0170;1113
652-250-5317;1114
293-654-7893;1114
461-234-6177;1114
893-933-0376;1114
410-783-6847;1115
521-980-2606;1115
159-189-8204;1115
538-393-5407;1116
657-615-6199;1116
457-565-2744;1116
496-475-6726;1117
806-252-8134;1117
423-951-8364;1118
876-314-3929;1118
949-290-7881;1118
740-414-5314;1119
754-402-8895;1119
523-191-5524;1120
855-485-5896;1120
401-118-7129;1120
414-649-0917;1121
664-512-3733;1121
358-355-8650;1122
394-385-3497;1122
322-938-4043;1122
831-652-7017;1123
615-569-4999;1123
373-647-9170;1124
957-140-1618;1124
197-635-0550;1125
228-875-0309;1125
751-863-5291;1125
312-939-7569;1126
908-200-2349;1126
408-145-8100;1127
963-912-4696;1127
436-325-9268;1128
523-762-6821;1128
742-101-1334;1128
736-994-2662;1129
997-891-7991;1129
487-530-7642;1129
960-520-9700;1130
449-391-6883;1130
