res_id;first_name;last_name;gender;birth_date;org_id;employment_date
1001;Boot;McIlmorie;M;1965-03-18;1101;2006-06-03
1002;Carolann;Lindley;F;1966-03-24;1101;2004-12-08
1003;Purcell;Boatright;M;1969-04-07;1102;2005-01-12
1004;Dinnie;Shillington;F;1977-02-24;1102;2001-07-06
1005;Ashely;Holttom;F;1961-03-26;1103;2002-05-30
1006;Mose;Priestner;M;1969-10-24;1104;2007-03-12
1007;Carlynne;Lesek;F;1976-01-28;1105;2009-04-28
1008;Francklin;Hay;M;1972-02-10;1105;2007-10-26
1009;Brenda;Filchakov;F;1967-03-07;1105;2008-02-15
1010;Raimund;Nevet;M;1970-07-05;1106;2006-07-02
1011;Rolph;Andrioletti;M;1977-04-26;1106;2006-04-18
1012;Stacy;Woof;M;1979-03-31;1107;2006-08-31
1013;Barnett;Goodyer;M;1968-01-15;1107;2007-10-01
1014;Cody;Domegan;M;1963-08-23;1107;2007-08-27
1015;Sergei;Ritchie;M;1977-08-25;1108;2001-03-25
1016;Ebenezer;Tackell;M;1974-01-05;1108;2001-06-30
1017;Giavani;Linklater;M;1964-12-02;1109;2004-04-02
1018;Oberon;Cawthorne;M;1964-03-03;1109;2002-09-15
1019;Pauletta;Daouse;F;1976-09-02;1110;2004-11-15
1020;Lauree;Flucker;F;1960-08-06;1110;2004-09-09
1021;Alexis;Caunce;F;1974-06-03;1110;2003-04-20
1022;Garvey;Cornew;M;1962-08-06;1106;2001-09-05
1023;Aldridge;Beaumont;M;1960-06-27;1111;2002-05-10
1024;Bentlee;Haldon;M;1976-11-03;1111;2009-07-03
1025;Mano;Betancourt;M;1962-10-27;1112;2004-03-17
1026;Domingo;Stangoe;M;1976-11-15;1112;2004-11-26
1027;Shellie;Heatlie;F;1964-03-16;1112;2001-09-20
1028;Ladonna;Tunny;F;1969-10-23;1113;2010-03-13
1029;Yul;Helstrom;M;1967-07-25;1113;2010-01-24
1030;Emelyne;Ivasechko;F;1966-02-16;1113;2001-08-24
1031;Dev;Scamerdine;M;1990-06-22;1114;2007-05-09
1032;Robyn;Elbourne;F;1978-02-05;1114;2003-08-01
1033;Emmalyn;Pellett;F;1973-06-17;1114;2000-07-24
1034;Korry;MacCall;F;1963-12-11;1115;2004-08-08
1035;Igor;Bayldon;M;1978-04-19;1115;2001-10-04
1036;Nanine;Dulwitch;F;1966-10-18;1115;2006-05-03
1037;Kelbee;Ommundsen;M;1979-11-28;1115;2001-11-29
1038;Madlen;Ellwell;F;1970-08-19;1115;2005-12-01
1039;Nerti;Mithan;F;1973-01-02;1115;2001-08-25
1040;Wes;Torresi;M;1990-06-27;1115;2001-12-15
1041;Gilburt;Godlee;M;1963-06-14;1108;2006-02-27
1042;Ilyse;Hallgate;F;1966-04-23;1115;2010-01-19
1043;Renault;Duthy;M;1979-05-12;1115;2002-08-12
1044;Emilee;Dodsley;F;1973-06-22;1116;2006-06-20
1045;Simmonds;Brimson;M;1972-07-18;1116;2009-03-02
1046;Jessee;Gai;M;1971-11-25;1116;2004-07-16
1047;Ree;Bryan;F;1975-08-20;1117;2004-10-26
1048;Stormi;Fitzsimons;F;1963-02-17;1117;2005-11-04
1049;Devon;Rosiello;F;1999-09-03;1118;2007-02-27
1050;Ranique;Cattermull;F;1962-07-17;1118;2003-05-23
1051;Bobbe;Silverthorne;F;1973-02-05;1119;2005-08-07
1052;Reynolds;Laxon;M;1973-07-07;1119;2010-01-02
1053;Tilly;Clynter;F;1985-08-14;1119;2004-02-08
1054;Jerrylee;Rowter;F;1969-11-27;1101;2009-05-30
1055;Benson;Willmont;M;1979-12-19;1101;2009-05-17
1056;Ciro;Hurton;M;1966-05-28;1120;2007-10-21
1057;Ursuline;Ovitz;F;1979-02-05;1120;2000-06-21
1058;Audy;Vargas;F;1970-05-19;1120;2002-11-01
1059;Nobe;Wynett;M;1972-09-14;1102;2004-09-22
1060;Barri;D'eath;M;1976-02-04;1102;2002-12-02
1061;Renate;O'Doogan;F;1967-05-21;1121;2009-10-13
1062;Mariejeanne;Gitsa;F;1971-05-14;1121;2005-08-01
1063;Marten;Glasard;M;1962-12-29;1121;2003-08-02
1064;Shae;Willmetts;M;1961-07-19;1122;2007-07-03
1065;Guthrey;Bissatt;M;1968-04-27;1122;2009-09-03
1066;Claudia;Cockin;F;1961-12-31;1122;2007-11-20
1067;Lenee;Reilly;F;1970-06-22;1123;2009-10-26
1068;Clarie;Frogley;F;1973-02-11;1123;2009-02-07
1069;Yetta;Coleshill;F;1963-08-19;1123;2003-01-21
1070;Jacqui;Boyall;F;1966-09-11;1124;2004-04-14
1071;Claire;Creelman;F;1963-01-12;1124;2002-01-17
1072;Ogdan;Toffoloni;M;1966-01-26;1125;2002-05-06
1073;Nikolos;Fawbert;M;1963-07-06;1125;2002-02-03
1074;Katha;Pietruszewicz;F;1974-05-20;1126;2009-09-01
1075;Jocelyn;Pardoe;F;1964-12-01;1126;2008-03-18
1076;Ema;Tilne;F;1974-09-16;1126;2005-11-11
1077;Luce;Lill;M;1970-02-28;1127;2010-03-21
1078;Renell;Bricknell;F;1961-07-07;1109;2006-01-30
1079;Barnie;Mepsted;M;1972-09-06;1111;2003-03-14
1080;Minda;Korejs;F;1979-01-05;1118;2006-01-10
1081;Kingsly;Fenich;M;1977-02-02;1128;2007-11-06
1082;Estell;Soughton;F;1964-06-12;1128;2006-01-25
1083;Briney;Bricklebank;F;1962-12-31;1128;2008-10-13
1084;Costa;Laden;M;1976-10-29;1129;2007-01-14
1085;Suzie;Surcomb;F;1968-05-07;1129;2005-07-16
1086;Guido;Sebrens;M;1970-02-01;1129;2001-07-24
1087;Gawain;Pie;M;1974-10-04;1124;2009-09-08
1088;Werner;Parry;M;1968-02-08;1130;2003-12-15
1089;Ivor;Cawthery;M;1973-09-07;1130;2005-08-05
1090;Edgard;Gerritzen;M;1972-10-07;1130;2008-03-26
1091;Gray;Levey;M;1960-12-10;1125;2005-06-27
1092;Margarethe;Dosdill;F;1970-06-26;1130;2000-08-10
1093;Lisetta;Ratter;F;1974-12-02;1130;2005-02-25
1094;Cos;Jepp;M;1963-05-10;1130;2006-08-09
1095;Carleen;Hadye;F;1977-09-08;1130;2004-09-14
1096;Jerome;Heathfield;M;1963-12-12;1130;2008-02-15
1097;Keen;Baulch;M;1969-07-23;1130;2008-11-25
1098;Dacia;De Ferrari;F;1970-10-08;1130;2009-08-17
1099;Linzy;Coppenhall;F;1966-12-15;1130;2006-10-13
1100;Pierre;Geldart;M;1971-06-06;1117;2002-06-15
